t,v,datetime
2025-10-21 00:00,0.693,2025-10-21 00:00:00
2025-10-21 01:00,0.279,2025-10-21 01:00:00
2025-10-21 02:00,0.046,2025-10-21 02:00:00
2025-10-21 03:00,0.058,2025-10-21 03:00:00
2025-10-21 04:00,0.331,2025-10-21 04:00:00
2025-10-21 05:00,0.789,2025-10-21 05:00:00
2025-10-21 06:00,1.291,2025-10-21 06:00:00
2025-10-21 07:00,1.698,2025-10-21 07:00:00
2025-10-21 08:00,1.922,2025-10-21 08:00:00
2025-10-21 09:00,1.931,2025-10-21 09:00:00
2025-10-21 10:00,1.737,2025-10-21 10:00:00
2025-10-21 11:00,1.414,2025-10-21 11:00:00
2025-10-21 12:00,1.079,2025-10-21 12:00:00
2025-10-21 13:00,0.831,2025-10-21 13:00:00
2025-10-21 14:00,0.728,2025-10-21 14:00:00
2025-10-21 15:00,0.81,2025-10-21 15:00:00
2025-10-21 16:00,1.094,2025-10-21 16:00:00
2025-10-21 17:00,1.52,2025-10-21 17:00:00
2025-10-21 18:00,1.966,2025-10-21 18:00:00
2025-10-21 19:00,2.298,2025-10-21 19:00:00
2025-10-21 20:00,2.424,2025-10-21 20:00:00
2025-10-21 21:00,2.31,2025-10-21 21:00:00
2025-10-21 22:00,1.968,2025-10-21 22:00:00
2025-10-21 23:00,1.453,2025-10-21 23:00:00
2025-10-22 00:00,0.879,2025-10-22 00:00:00
2025-10-22 01:00,0.369,2025-10-22 01:00:00
2025-10-22 02:00,0.017,2025-10-22 02:00:00
2025-10-22 03:00,-0.113,2025-10-22 03:00:00
2025-10-22 04:00,0.024,2025-10-22 04:00:00
2025-10-22 05:00,0.404,2025-10-22 05:00:00
2025-10-22 06:00,0.917,2025-10-22 06:00:00
2025-10-22 07:00,1.415,2025-10-22 07:00:00
2025-10-22 08:00,1.771,2025-10-22 08:00:00
2025-10-22 09:00,1.923,2025-10-22 09:00:00
2025-10-22 10:00,1.865,2025-10-22 10:00:00
2025-10-22 11:00,1.637,2025-10-22 11:00:00
2025-10-22 12:00,1.328,2025-10-22 12:00:00
2025-10-22 13:00,1.051,2025-10-22 13:00:00
2025-10-22 14:00,0.892,2025-10-22 14:00:00
2025-10-22 15:00,0.894,2025-10-22 15:00:00
2025-10-22 16:00,1.076,2025-10-22 16:00:00
2025-10-22 17:00,1.421,2025-10-22 17:00:00
2025-10-22 18:00,1.843,2025-10-22 18:00:00
2025-10-22 19:00,2.214,2025-10-22 19:00:00
2025-10-22 20:00,2.42,2025-10-22 20:00:00
2025-10-22 21:00,2.397,2025-10-22 21:00:00
2025-10-22 22:00,2.143,2025-10-22 22:00:00
2025-10-22 23:00,1.696,2025-10-22 23:00:00
2025-10-23 00:00,1.129,2025-10-23 00:00:00
2025-10-23 01:00,0.558,2025-10-23 01:00:00
2025-10-23 02:00,0.105,2025-10-23 02:00:00
2025-10-23 03:00,-0.15,2025-10-23 03:00:00
2025-10-23 04:00,-0.158,2025-10-23 04:00:00
2025-10-23 05:00,0.094,2025-10-23 05:00:00
2025-10-23 06:00,0.547,2025-10-23 06:00:00
2025-10-23 07:00,1.073,2025-10-23 07:00:00
2025-10-23 08:00,1.528,2025-10-23 08:00:00
2025-10-23 09:00,1.809,2025-10-23 09:00:00
2025-10-23 10:00,1.883,2025-10-23 10:00:00
2025-10-23 11:00,1.775,2025-10-23 11:00:00
2025-10-23 12:00,1.539,2025-10-23 12:00:00
2025-10-23 13:00,1.266,2025-10-23 13:00:00
2025-10-23 14:00,1.064,2025-10-23 14:00:00
2025-10-23 15:00,1.003,2025-10-23 15:00:00
2025-10-23 16:00,1.102,2025-10-23 16:00:00
2025-10-23 17:00,1.355,2025-10-23 17:00:00
2025-10-23 18:00,1.717,2025-10-23 18:00:00
2025-10-23 19:00,2.089,2025-10-23 19:00:00
2025-10-23 20:00,2.354,2025-10-23 20:00:00
2025-10-23 21:00,2.42,2025-10-23 21:00:00
2025-10-23 22:00,2.26,2025-10-23 22:00:00
2025-10-23 23:00,1.903,2025-10-23 23:00:00
2025-10-24 00:00,1.399,2025-10-24 00:00:00
2025-10-24 01:00,0.827,2025-10-24 01:00:00
2025-10-24 02:00,0.303,2025-10-24 02:00:00
2025-10-24 03:00,-0.06,2025-10-24 03:00:00
2025-10-24 04:00,-0.201,2025-10-24 04:00:00
2025-10-24 05:00,-0.097,2025-10-24 05:00:00
2025-10-24 06:00,0.236,2025-10-24 06:00:00
2025-10-24 07:00,0.718,2025-10-24 07:00:00
2025-10-24 08:00,1.216,2025-10-24 08:00:00
2025-10-24 09:00,1.6,2025-10-24 09:00:00
2025-10-24 10:00,1.797,2025-10-24 10:00:00
2025-10-24 11:00,1.81,2025-10-24 11:00:00
2025-10-24 12:00,1.677,2025-10-24 12:00:00
2025-10-24 13:00,1.456,2025-10-24 13:00:00
2025-10-24 14:00,1.239,2025-10-24 14:00:00
2025-10-24 15:00,1.123,2025-10-24 15:00:00
2025-10-24 16:00,1.155,2025-10-24 16:00:00
2025-10-24 17:00,1.326,2025-10-24 17:00:00
2025-10-24 18:00,1.609,2025-10-24 18:00:00
2025-10-24 19:00,1.945,2025-10-24 19:00:00
2025-10-24 20:00,2.236,2025-10-24 20:00:00
2025-10-24 21:00,2.379,2025-10-24 21:00:00
2025-10-24 22:00,2.317,2025-10-24 22:00:00
2025-10-24 23:00,2.057,2025-10-24 23:00:00
2025-10-29 00:00,2.016,2025-10-29 00:00:00
2025-10-29 01:00,1.924,2025-10-29 01:00:00
2025-10-29 02:00,1.725,2025-10-29 02:00:00
2025-10-29 03:00,1.448,2025-10-29 03:00:00
2025-10-29 04:00,1.119,2025-10-29 04:00:00
2025-10-29 05:00,0.767,2025-10-29 05:00:00
2025-10-29 06:00,0.454,2025-10-29 06:00:00
2025-10-29 07:00,0.25,2025-10-29 07:00:00
2025-10-29 08:00,0.186,2025-10-29 08:00:00
2025-10-29 09:00,0.262,2025-10-29 09:00:00
2025-10-29 10:00,0.47,2025-10-29 10:00:00
2025-10-29 11:00,0.774,2025-10-29 11:00:00
2025-10-29 12:00,1.102,2025-10-29 12:00:00
2025-10-29 13:00,1.376,2025-10-29 13:00:00
2025-10-29 14:00,1.556,2025-10-29 14:00:00
2025-10-29 15:00,1.646,2025-10-29 15:00:00
2025-10-29 16:00,1.661,2025-10-29 16:00:00
2025-10-29 17:00,1.614,2025-10-29 17:00:00
2025-10-29 18:00,1.541,2025-10-29 18:00:00
2025-10-29 19:00,1.498,2025-10-29 19:00:00
2025-10-29 20:00,1.508,2025-10-29 20:00:00
2025-10-29 21:00,1.561,2025-10-29 21:00:00
2025-10-29 22:00,1.647,2025-10-29 22:00:00
2025-10-29 23:00,1.759,2025-10-29 23:00:00
2025-10-30 00:00,1.861,2025-10-30 00:00:00
2025-10-30 01:00,1.9,2025-10-30 01:00:00
2025-10-30 02:00,1.841,2025-10-30 02:00:00
2025-10-30 03:00,1.685,2025-10-30 03:00:00
2025-10-30 04:00,1.45,2025-10-30 04:00:00
2025-10-30 05:00,1.147,2025-10-30 05:00:00
2025-10-30 06:00,0.806,2025-10-30 06:00:00
2025-10-30 07:00,0.5,2025-10-30 07:00:00
2025-10-30 08:00,0.299,2025-10-30 08:00:00
2025-10-30 09:00,0.23,2025-10-30 09:00:00
2025-10-30 10:00,0.304,2025-10-30 10:00:00
2025-10-30 11:00,0.52,2025-10-30 11:00:00
2025-10-30 12:00,0.842,2025-10-30 12:00:00
2025-10-30 13:00,1.188,2025-10-30 13:00:00
2025-10-30 14:00,1.479,2025-10-30 14:00:00
2025-10-30 15:00,1.674,2025-10-30 15:00:00
2025-10-30 16:00,1.769,2025-10-30 16:00:00
2025-10-30 17:00,1.766,2025-10-30 17:00:00
2025-10-30 18:00,1.675,2025-10-30 18:00:00
2025-10-30 19:00,1.544,2025-10-30 19:00:00
2025-10-30 20:00,1.436,2025-10-30 20:00:00
2025-10-30 21:00,1.38,2025-10-30 21:00:00
2025-10-30 22:00,1.38,2025-10-30 22:00:00
2025-10-30 23:00,1.445,2025-10-30 23:00:00
2025-10-31 00:00,1.572,2025-10-31 00:00:00
2025-10-31 01:00,1.714,2025-10-31 01:00:00
2025-10-31 02:00,1.808,2025-10-31 02:00:00
2025-10-31 03:00,1.809,2025-10-31 03:00:00
2025-10-31 04:00,1.705,2025-10-31 04:00:00
2025-10-31 05:00,1.5,2025-10-31 05:00:00
2025-10-31 06:00,1.199,2025-10-31 06:00:00
2025-10-31 07:00,0.849,2025-10-31 07:00:00
2025-10-31 08:00,0.534,2025-10-31 08:00:00
2025-10-31 09:00,0.328,2025-10-31 09:00:00
2025-10-31 10:00,0.262,2025-10-31 10:00:00
2025-10-31 11:00,0.355,2025-10-31 11:00:00
2025-10-31 12:00,0.609,2025-10-31 12:00:00
2025-10-31 13:00,0.974,2025-10-31 13:00:00
2025-10-31 14:00,1.356,2025-10-31 14:00:00
2025-10-31 15:00,1.672,2025-10-31 15:00:00
2025-10-31 16:00,1.871,2025-10-31 16:00:00
2025-10-31 17:00,1.936,2025-10-31 17:00:00
2025-10-31 18:00,1.867,2025-10-31 18:00:00
2025-10-31 19:00,1.686,2025-10-31 19:00:00
2025-10-31 20:00,1.458,2025-10-31 20:00:00
2025-10-31 21:00,1.259,2025-10-31 21:00:00
2025-10-31 22:00,1.131,2025-10-31 22:00:00
2025-10-31 23:00,1.096,2025-10-31 23:00:00
2025-11-01 00:00,1.175,2025-11-01 00:00:00
2025-11-01 01:00,1.356,2025-11-01 01:00:00
2025-11-01 02:00,1.575,2025-11-01 02:00:00
2025-11-01 03:00,1.754,2025-11-01 03:00:00
2025-11-01 04:00,1.829,2025-11-01 04:00:00
2025-11-01 05:00,1.77,2025-11-01 05:00:00
2025-11-01 06:00,1.573,2025-11-01 06:00:00
2025-11-01 07:00,1.257,2025-11-01 07:00:00
2025-11-01 08:00,0.886,2025-11-01 08:00:00
2025-11-01 09:00,0.559,2025-11-01 09:00:00
2025-11-01 10:00,0.355,2025-11-01 10:00:00
2025-11-01 11:00,0.312,2025-11-01 11:00:00
2025-11-01 12:00,0.453,2025-11-01 12:00:00
2025-11-01 13:00,0.769,2025-11-01 13:00:00
2025-11-01 14:00,1.192,2025-11-01 14:00:00
2025-11-01 15:00,1.617,2025-11-01 15:00:00
2025-11-01 16:00,1.945,2025-11-01 16:00:00
2025-11-01 17:00,2.113,2025-11-01 17:00:00
2025-11-01 18:00,2.101,2025-11-01 18:00:00
2025-11-01 19:00,1.919,2025-11-01 19:00:00
2025-11-01 20:00,1.61,2025-11-01 20:00:00
2025-11-01 21:00,1.26,2025-11-01 21:00:00
2025-11-01 22:00,0.964,2025-11-01 22:00:00
2025-11-01 23:00,0.779,2025-11-01 23:00:00
2025-11-02 00:00,0.74,2025-11-02 00:00:00
2025-11-02 01:00,0.87,2025-11-02 01:00:00
2025-11-02 02:00,1.14,2025-11-02 02:00:00
2025-11-02 03:00,1.468,2025-11-02 03:00:00
2025-11-02 04:00,1.746,2025-11-02 04:00:00
2025-11-02 05:00,1.888,2025-11-02 05:00:00
2025-11-02 06:00,1.854,2025-11-02 06:00:00
2025-11-02 07:00,1.649,2025-11-02 07:00:00
2025-11-02 08:00,1.308,2025-11-02 08:00:00
2025-11-02 09:00,0.916,2025-11-02 09:00:00
2025-11-02 10:00,0.587,2025-11-02 10:00:00
2025-11-02 11:00,0.405,2025-11-02 11:00:00
2025-11-02 12:00,0.411,2025-11-02 12:00:00
2025-11-02 13:00,0.62,2025-11-02 13:00:00
2025-11-02 14:00,1.011,2025-11-02 14:00:00
2025-11-02 15:00,1.497,2025-11-02 15:00:00
2025-11-02 16:00,1.951,2025-11-02 16:00:00
2025-11-02 17:00,2.258,2025-11-02 17:00:00
2025-11-02 18:00,2.349,2025-11-02 18:00:00
2025-11-02 19:00,2.217,2025-11-02 19:00:00
2025-11-02 20:00,1.888,2025-11-02 20:00:00
2025-11-02 21:00,1.43,2025-11-02 21:00:00
2025-11-02 22:00,0.956,2025-11-02 22:00:00
2025-11-02 23:00,0.579,2025-11-02 23:00:00
