t,v,datetime
2025-10-21 00:00,0.693,2025-10-21 00:00:00
2025-10-21 01:00,0.279,2025-10-21 01:00:00
2025-10-21 02:00,0.046,2025-10-21 02:00:00
2025-10-21 03:00,0.058,2025-10-21 03:00:00
2025-10-21 04:00,0.331,2025-10-21 04:00:00
2025-10-21 05:00,0.789,2025-10-21 05:00:00
2025-10-21 06:00,1.291,2025-10-21 06:00:00
2025-10-21 07:00,1.698,2025-10-21 07:00:00
2025-10-21 08:00,1.922,2025-10-21 08:00:00
2025-10-21 09:00,1.931,2025-10-21 09:00:00
2025-10-21 10:00,1.737,2025-10-21 10:00:00
2025-10-21 11:00,1.414,2025-10-21 11:00:00
2025-10-21 12:00,1.079,2025-10-21 12:00:00
2025-10-21 13:00,0.831,2025-10-21 13:00:00
2025-10-21 14:00,0.728,2025-10-21 14:00:00
2025-10-21 15:00,0.81,2025-10-21 15:00:00
2025-10-21 16:00,1.094,2025-10-21 16:00:00
2025-10-21 17:00,1.52,2025-10-21 17:00:00
2025-10-21 18:00,1.966,2025-10-21 18:00:00
2025-10-21 19:00,2.298,2025-10-21 19:00:00
2025-10-21 20:00,2.424,2025-10-21 20:00:00
2025-10-21 21:00,2.31,2025-10-21 21:00:00
2025-10-21 22:00,1.968,2025-10-21 22:00:00
2025-10-21 23:00,1.453,2025-10-21 23:00:00
2025-10-22 00:00,0.879,2025-10-22 00:00:00
2025-10-22 01:00,0.369,2025-10-22 01:00:00
2025-10-22 02:00,0.017,2025-10-22 02:00:00
2025-10-22 03:00,-0.113,2025-10-22 03:00:00
2025-10-22 04:00,0.024,2025-10-22 04:00:00
2025-10-22 05:00,0.404,2025-10-22 05:00:00
2025-10-22 06:00,0.917,2025-10-22 06:00:00
2025-10-22 07:00,1.415,2025-10-22 07:00:00
2025-10-22 08:00,1.771,2025-10-22 08:00:00
2025-10-22 09:00,1.923,2025-10-22 09:00:00
2025-10-22 10:00,1.865,2025-10-22 10:00:00
2025-10-22 11:00,1.637,2025-10-22 11:00:00
2025-10-22 12:00,1.328,2025-10-22 12:00:00
2025-10-22 13:00,1.051,2025-10-22 13:00:00
2025-10-22 14:00,0.892,2025-10-22 14:00:00
2025-10-22 15:00,0.894,2025-10-22 15:00:00
2025-10-22 16:00,1.076,2025-10-22 16:00:00
2025-10-22 17:00,1.421,2025-10-22 17:00:00
2025-10-22 18:00,1.843,2025-10-22 18:00:00
2025-10-22 19:00,2.214,2025-10-22 19:00:00
2025-10-22 20:00,2.42,2025-10-22 20:00:00
2025-10-22 21:00,2.397,2025-10-22 21:00:00
2025-10-22 22:00,2.143,2025-10-22 22:00:00
2025-10-22 23:00,1.696,2025-10-22 23:00:00
2025-10-23 00:00,1.129,2025-10-23 00:00:00
2025-10-23 01:00,0.558,2025-10-23 01:00:00
2025-10-23 02:00,0.105,2025-10-23 02:00:00
2025-10-23 03:00,-0.15,2025-10-23 03:00:00
2025-10-23 04:00,-0.158,2025-10-23 04:00:00
2025-10-23 05:00,0.094,2025-10-23 05:00:00
2025-10-23 06:00,0.547,2025-10-23 06:00:00
2025-10-23 07:00,1.073,2025-10-23 07:00:00
2025-10-23 08:00,1.528,2025-10-23 08:00:00
2025-10-23 09:00,1.809,2025-10-23 09:00:00
2025-10-23 10:00,1.883,2025-10-23 10:00:00
2025-10-23 11:00,1.775,2025-10-23 11:00:00
2025-10-23 12:00,1.539,2025-10-23 12:00:00
2025-10-23 13:00,1.266,2025-10-23 13:00:00
2025-10-23 14:00,1.064,2025-10-23 14:00:00
2025-10-23 15:00,1.003,2025-10-23 15:00:00
2025-10-23 16:00,1.102,2025-10-23 16:00:00
2025-10-23 17:00,1.355,2025-10-23 17:00:00
2025-10-23 18:00,1.717,2025-10-23 18:00:00
2025-10-23 19:00,2.089,2025-10-23 19:00:00
2025-10-23 20:00,2.354,2025-10-23 20:00:00
2025-10-23 21:00,2.42,2025-10-23 21:00:00
2025-10-23 22:00,2.26,2025-10-23 22:00:00
2025-10-23 23:00,1.903,2025-10-23 23:00:00
2025-10-24 00:00,1.399,2025-10-24 00:00:00
2025-10-24 01:00,0.827,2025-10-24 01:00:00
2025-10-24 02:00,0.303,2025-10-24 02:00:00
2025-10-24 03:00,-0.06,2025-10-24 03:00:00
2025-10-24 04:00,-0.201,2025-10-24 04:00:00
2025-10-24 05:00,-0.097,2025-10-24 05:00:00
2025-10-24 06:00,0.236,2025-10-24 06:00:00
2025-10-24 07:00,0.718,2025-10-24 07:00:00
2025-10-24 08:00,1.216,2025-10-24 08:00:00
2025-10-24 09:00,1.6,2025-10-24 09:00:00
2025-10-24 10:00,1.797,2025-10-24 10:00:00
2025-10-24 11:00,1.81,2025-10-24 11:00:00
2025-10-24 12:00,1.677,2025-10-24 12:00:00
2025-10-24 13:00,1.456,2025-10-24 13:00:00
2025-10-24 14:00,1.239,2025-10-24 14:00:00
2025-10-24 15:00,1.123,2025-10-24 15:00:00
2025-10-24 16:00,1.155,2025-10-24 16:00:00
2025-10-24 17:00,1.326,2025-10-24 17:00:00
2025-10-24 18:00,1.609,2025-10-24 18:00:00
2025-10-24 19:00,1.945,2025-10-24 19:00:00
2025-10-24 20:00,2.236,2025-10-24 20:00:00
2025-10-24 21:00,2.379,2025-10-24 21:00:00
2025-10-24 22:00,2.317,2025-10-24 22:00:00
2025-10-24 23:00,2.057,2025-10-24 23:00:00
2025-10-29 00:00,2.016,2025-10-29 00:00:00
2025-10-29 01:00,1.924,2025-10-29 01:00:00
2025-10-29 02:00,1.725,2025-10-29 02:00:00
2025-10-29 03:00,1.448,2025-10-29 03:00:00
2025-10-29 04:00,1.119,2025-10-29 04:00:00
2025-10-29 05:00,0.767,2025-10-29 05:00:00
2025-10-29 06:00,0.454,2025-10-29 06:00:00
2025-10-29 07:00,0.25,2025-10-29 07:00:00
2025-10-29 08:00,0.186,2025-10-29 08:00:00
2025-10-29 09:00,0.262,2025-10-29 09:00:00
2025-10-29 10:00,0.47,2025-10-29 10:00:00
2025-10-29 11:00,0.774,2025-10-29 11:00:00
2025-10-29 12:00,1.102,2025-10-29 12:00:00
2025-10-29 13:00,1.376,2025-10-29 13:00:00
2025-10-29 14:00,1.556,2025-10-29 14:00:00
2025-10-29 15:00,1.646,2025-10-29 15:00:00
2025-10-29 16:00,1.661,2025-10-29 16:00:00
2025-10-29 17:00,1.614,2025-10-29 17:00:00
2025-10-29 18:00,1.541,2025-10-29 18:00:00
2025-10-29 19:00,1.498,2025-10-29 19:00:00
2025-10-29 20:00,1.508,2025-10-29 20:00:00
2025-10-29 21:00,1.561,2025-10-29 21:00:00
2025-10-29 22:00,1.647,2025-10-29 22:00:00
2025-10-29 23:00,1.759,2025-10-29 23:00:00
2025-10-30 00:00,1.861,2025-10-30 00:00:00
2025-10-30 01:00,1.9,2025-10-30 01:00:00
2025-10-30 02:00,1.841,2025-10-30 02:00:00
2025-10-30 03:00,1.685,2025-10-30 03:00:00
2025-10-30 04:00,1.45,2025-10-30 04:00:00
2025-10-30 05:00,1.147,2025-10-30 05:00:00
2025-10-30 06:00,0.806,2025-10-30 06:00:00
2025-10-30 07:00,0.5,2025-10-30 07:00:00
2025-10-30 08:00,0.299,2025-10-30 08:00:00
2025-10-30 09:00,0.23,2025-10-30 09:00:00
2025-10-30 10:00,0.304,2025-10-30 10:00:00
2025-10-30 11:00,0.52,2025-10-30 11:00:00
2025-10-30 12:00,0.842,2025-10-30 12:00:00
2025-10-30 13:00,1.188,2025-10-30 13:00:00
2025-10-30 14:00,1.479,2025-10-30 14:00:00
2025-10-30 15:00,1.674,2025-10-30 15:00:00
2025-10-30 16:00,1.769,2025-10-30 16:00:00
2025-10-30 17:00,1.766,2025-10-30 17:00:00
2025-10-30 18:00,1.675,2025-10-30 18:00:00
2025-10-30 19:00,1.544,2025-10-30 19:00:00
2025-10-30 20:00,1.436,2025-10-30 20:00:00
2025-10-30 21:00,1.38,2025-10-30 21:00:00
2025-10-30 22:00,1.38,2025-10-30 22:00:00
2025-10-30 23:00,1.445,2025-10-30 23:00:00
2025-10-31 00:00,1.572,2025-10-31 00:00:00
2025-10-31 01:00,1.714,2025-10-31 01:00:00
2025-10-31 02:00,1.808,2025-10-31 02:00:00
2025-10-31 03:00,1.809,2025-10-31 03:00:00
2025-10-31 04:00,1.705,2025-10-31 04:00:00
2025-10-31 05:00,1.5,2025-10-31 05:00:00
2025-10-31 06:00,1.199,2025-10-31 06:00:00
2025-10-31 07:00,0.849,2025-10-31 07:00:00
2025-10-31 08:00,0.534,2025-10-31 08:00:00
2025-10-31 09:00,0.328,2025-10-31 09:00:00
2025-10-31 10:00,0.262,2025-10-31 10:00:00
2025-10-31 11:00,0.355,2025-10-31 11:00:00
2025-10-31 12:00,0.609,2025-10-31 12:00:00
2025-10-31 13:00,0.974,2025-10-31 13:00:00
2025-10-31 14:00,1.356,2025-10-31 14:00:00
2025-10-31 15:00,1.672,2025-10-31 15:00:00
2025-10-31 16:00,1.871,2025-10-31 16:00:00
2025-10-31 17:00,1.936,2025-10-31 17:00:00
2025-10-31 18:00,1.867,2025-10-31 18:00:00
2025-10-31 19:00,1.686,2025-10-31 19:00:00
2025-10-31 20:00,1.458,2025-10-31 20:00:00
2025-10-31 21:00,1.259,2025-10-31 21:00:00
2025-10-31 22:00,1.131,2025-10-31 22:00:00
2025-10-31 23:00,1.096,2025-10-31 23:00:00
2025-11-01 00:00,1.175,2025-11-01 00:00:00
2025-11-01 01:00,1.356,2025-11-01 01:00:00
2025-11-01 02:00,1.575,2025-11-01 02:00:00
2025-11-01 03:00,1.754,2025-11-01 03:00:00
2025-11-01 04:00,1.829,2025-11-01 04:00:00
2025-11-01 05:00,1.77,2025-11-01 05:00:00
2025-11-01 06:00,1.573,2025-11-01 06:00:00
2025-11-01 07:00,1.257,2025-11-01 07:00:00
2025-11-01 08:00,0.886,2025-11-01 08:00:00
2025-11-01 09:00,0.559,2025-11-01 09:00:00
2025-11-01 10:00,0.355,2025-11-01 10:00:00
2025-11-01 11:00,0.312,2025-11-01 11:00:00
2025-11-01 12:00,0.453,2025-11-01 12:00:00
2025-11-01 13:00,0.769,2025-11-01 13:00:00
2025-11-01 14:00,1.192,2025-11-01 14:00:00
2025-11-01 15:00,1.617,2025-11-01 15:00:00
2025-11-01 16:00,1.945,2025-11-01 16:00:00
2025-11-01 17:00,2.113,2025-11-01 17:00:00
2025-11-01 18:00,2.101,2025-11-01 18:00:00
2025-11-01 19:00,1.919,2025-11-01 19:00:00
2025-11-01 20:00,1.61,2025-11-01 20:00:00
2025-11-01 21:00,1.26,2025-11-01 21:00:00
2025-11-01 22:00,0.964,2025-11-01 22:00:00
2025-11-01 23:00,0.779,2025-11-01 23:00:00
2025-11-03 00:00,0.365,2025-11-03 00:00:00
2025-11-03 01:00,0.358,2025-11-03 01:00:00
2025-11-03 02:00,0.571,2025-11-03 02:00:00
2025-11-03 03:00,0.96,2025-11-03 03:00:00
2025-11-03 04:00,1.408,2025-11-03 04:00:00
2025-11-03 05:00,1.776,2025-11-03 05:00:00
2025-11-03 06:00,1.965,2025-11-03 06:00:00
2025-11-03 07:00,1.939,2025-11-03 07:00:00
2025-11-03 08:00,1.714,2025-11-03 08:00:00
2025-11-03 09:00,1.346,2025-11-03 09:00:00
2025-11-03 10:00,0.944,2025-11-03 10:00:00
2025-11-03 11:00,0.634,2025-11-03 11:00:00
2025-11-03 12:00,0.498,2025-11-03 12:00:00
2025-11-03 13:00,0.569,2025-11-03 13:00:00
2025-11-03 14:00,0.858,2025-11-03 14:00:00
2025-11-03 15:00,1.326,2025-11-03 15:00:00
2025-11-03 16:00,1.861,2025-11-03 16:00:00
2025-11-03 17:00,2.312,2025-11-03 17:00:00
2025-11-03 18:00,2.553,2025-11-03 18:00:00
2025-11-03 19:00,2.529,2025-11-03 19:00:00
2025-11-03 20:00,2.25,2025-11-03 20:00:00
2025-11-03 21:00,1.761,2025-11-03 21:00:00
2025-11-03 22:00,1.159,2025-11-03 22:00:00
2025-11-03 23:00,0.584,2025-11-03 23:00:00
2025-11-04 00:00,0.156,2025-11-04 00:00:00
2025-11-04 01:00,-0.053,2025-11-04 01:00:00
2025-11-04 02:00,0.002,2025-11-04 02:00:00
2025-11-04 03:00,0.327,2025-11-04 03:00:00
2025-11-04 04:00,0.842,2025-11-04 04:00:00
2025-11-04 05:00,1.397,2025-11-04 05:00:00
2025-11-04 06:00,1.829,2025-11-04 06:00:00
2025-11-04 07:00,2.039,2025-11-04 07:00:00
2025-11-04 08:00,2.004,2025-11-04 08:00:00
2025-11-04 09:00,1.755,2025-11-04 09:00:00
2025-11-04 10:00,1.37,2025-11-04 10:00:00
2025-11-04 11:00,0.978,2025-11-04 11:00:00
2025-11-04 12:00,0.71,2025-11-04 12:00:00
2025-11-04 13:00,0.634,2025-11-04 13:00:00
2025-11-04 14:00,0.78,2025-11-04 14:00:00
2025-11-04 15:00,1.151,2025-11-04 15:00:00
2025-11-04 16:00,1.682,2025-11-04 16:00:00
2025-11-04 17:00,2.233,2025-11-04 17:00:00
2025-11-04 18:00,2.638,2025-11-04 18:00:00
2025-11-04 19:00,2.779,2025-11-04 19:00:00
2025-11-04 20:00,2.619,2025-11-04 20:00:00
2025-11-04 21:00,2.187,2025-11-04 21:00:00
2025-11-04 22:00,1.551,2025-11-04 22:00:00
2025-11-04 23:00,0.838,2025-11-04 23:00:00
2025-11-05 00:00,0.2,2025-11-05 00:00:00
2025-11-05 01:00,-0.241,2025-11-05 01:00:00
2025-11-05 02:00,-0.413,2025-11-05 02:00:00
2025-11-05 03:00,-0.27,2025-11-05 03:00:00
2025-11-05 04:00,0.172,2025-11-05 04:00:00
2025-11-05 05:00,0.796,2025-11-05 05:00:00
2025-11-05 06:00,1.422,2025-11-05 06:00:00
2025-11-05 07:00,1.883,2025-11-05 07:00:00
2025-11-05 08:00,2.09,2025-11-05 08:00:00
2025-11-05 09:00,2.034,2025-11-05 09:00:00
2025-11-05 10:00,1.765,2025-11-05 10:00:00
2025-11-05 11:00,1.382,2025-11-05 11:00:00
2025-11-05 12:00,1.025,2025-11-05 12:00:00
2025-11-05 13:00,0.811,2025-11-05 13:00:00
2025-11-05 14:00,0.803,2025-11-05 14:00:00
2025-11-05 15:00,1.026,2025-11-05 15:00:00
2025-11-05 16:00,1.464,2025-11-05 16:00:00
2025-11-05 17:00,2.027,2025-11-05 17:00:00
2025-11-05 18:00,2.552,2025-11-05 18:00:00
2025-11-05 19:00,2.877,2025-11-05 19:00:00
2025-11-05 20:00,2.9,2025-11-05 20:00:00
2025-11-05 21:00,2.605,2025-11-05 21:00:00
2025-11-05 22:00,2.042,2025-11-05 22:00:00
2025-11-05 23:00,1.301,2025-11-05 23:00:00
2025-11-11 00:00,2.4,2025-11-11 00:00:00
2025-11-11 01:00,2.198,2025-11-11 01:00:00
2025-11-11 02:00,1.824,2025-11-11 02:00:00
2025-11-11 03:00,1.319,2025-11-11 03:00:00
2025-11-11 04:00,0.762,2025-11-11 04:00:00
2025-11-11 05:00,0.265,2025-11-11 05:00:00
2025-11-11 06:00,-0.084,2025-11-11 06:00:00
2025-11-11 07:00,-0.232,2025-11-11 07:00:00
2025-11-11 08:00,-0.148,2025-11-11 08:00:00
2025-11-11 09:00,0.16,2025-11-11 09:00:00
2025-11-11 10:00,0.616,2025-11-11 10:00:00
2025-11-11 11:00,1.104,2025-11-11 11:00:00
2025-11-11 12:00,1.515,2025-11-11 12:00:00
2025-11-11 13:00,1.786,2025-11-11 13:00:00
2025-11-11 14:00,1.9,2025-11-11 14:00:00
2025-11-11 15:00,1.87,2025-11-11 15:00:00
2025-11-11 16:00,1.736,2025-11-11 16:00:00
2025-11-11 17:00,1.573,2025-11-11 17:00:00
2025-11-11 18:00,1.45,2025-11-11 18:00:00
2025-11-11 19:00,1.4,2025-11-11 19:00:00
2025-11-11 20:00,1.438,2025-11-11 20:00:00
2025-11-11 21:00,1.574,2025-11-11 21:00:00
2025-11-11 22:00,1.782,2025-11-11 22:00:00
2025-11-11 23:00,1.996,2025-11-11 23:00:00
2025-11-12 00:00,2.137,2025-11-12 00:00:00
2025-11-12 01:00,2.147,2025-11-12 01:00:00
2025-11-12 02:00,2.005,2025-11-12 02:00:00
2025-11-12 03:00,1.718,2025-11-12 03:00:00
2025-11-12 04:00,1.311,2025-11-12 04:00:00
2025-11-12 05:00,0.849,2025-11-12 05:00:00
2025-11-12 06:00,0.43,2025-11-12 06:00:00
2025-11-12 07:00,0.132,2025-11-12 07:00:00
2025-11-12 08:00,0.0,2025-11-12 08:00:00
2025-11-12 09:00,0.069,2025-11-12 09:00:00
2025-11-12 10:00,0.337,2025-11-12 10:00:00
2025-11-12 11:00,0.745,2025-11-12 11:00:00
2025-11-12 12:00,1.19,2025-11-12 12:00:00
2025-11-12 13:00,1.574,2025-11-12 13:00:00
2025-11-12 14:00,1.837,2025-11-12 14:00:00
2025-11-12 15:00,1.959,2025-11-12 15:00:00
2025-11-12 16:00,1.94,2025-11-12 16:00:00
2025-11-12 17:00,1.806,2025-11-12 17:00:00
2025-11-12 18:00,1.623,2025-11-12 18:00:00
2025-11-12 19:00,1.458,2025-11-12 19:00:00
2025-11-12 20:00,1.343,2025-11-12 20:00:00
2025-11-12 21:00,1.302,2025-11-12 21:00:00
2025-11-12 22:00,1.364,2025-11-12 22:00:00
2025-11-12 23:00,1.519,2025-11-12 23:00:00
2025-11-13 00:00,1.711,2025-11-13 00:00:00
2025-11-13 01:00,1.865,2025-11-13 01:00:00
2025-11-13 02:00,1.922,2025-11-13 02:00:00
2025-11-13 03:00,1.856,2025-11-13 03:00:00
2025-11-13 04:00,1.658,2025-11-13 04:00:00
2025-11-13 05:00,1.336,2025-11-13 05:00:00
2025-11-13 06:00,0.951,2025-11-13 06:00:00
2025-11-13 07:00,0.594,2025-11-13 07:00:00
2025-11-13 08:00,0.334,2025-11-13 08:00:00
2025-11-13 09:00,0.213,2025-11-13 09:00:00
2025-11-13 10:00,0.272,2025-11-13 10:00:00
2025-11-13 11:00,0.52,2025-11-13 11:00:00
2025-11-13 12:00,0.903,2025-11-13 12:00:00
2025-11-13 13:00,1.325,2025-11-13 13:00:00
2025-11-13 14:00,1.692,2025-11-13 14:00:00
2025-11-13 15:00,1.95,2025-11-13 15:00:00
2025-11-13 16:00,2.067,2025-11-13 16:00:00
2025-11-13 17:00,2.027,2025-11-13 17:00:00
2025-11-13 18:00,1.855,2025-11-13 18:00:00
2025-11-13 19:00,1.62,2025-11-13 19:00:00
2025-11-13 20:00,1.388,2025-11-13 20:00:00
2025-11-13 21:00,1.195,2025-11-13 21:00:00
2025-11-13 22:00,1.084,2025-11-13 22:00:00
2025-11-13 23:00,1.099,2025-11-13 23:00:00
2025-11-14 00:00,1.238,2025-11-14 00:00:00
2025-11-14 01:00,1.442,2025-11-14 01:00:00
2025-11-14 02:00,1.634,2025-11-14 02:00:00
2025-11-14 03:00,1.754,2025-11-14 03:00:00
2025-11-14 04:00,1.764,2025-11-14 04:00:00
2025-11-14 05:00,1.637,2025-11-14 05:00:00
2025-11-14 06:00,1.376,2025-11-14 06:00:00
2025-11-14 07:00,1.047,2025-11-14 07:00:00
2025-11-14 08:00,0.738,2025-11-14 08:00:00
2025-11-14 09:00,0.508,2025-11-14 09:00:00
2025-11-14 10:00,0.403,2025-11-14 10:00:00
2025-11-14 11:00,0.472,2025-11-14 11:00:00
2025-11-14 12:00,0.725,2025-11-14 12:00:00
2025-11-14 13:00,1.103,2025-11-14 13:00:00
2025-11-14 14:00,1.514,2025-11-14 14:00:00
2025-11-14 15:00,1.869,2025-11-14 15:00:00
2025-11-14 16:00,2.107,2025-11-14 16:00:00
2025-11-14 17:00,2.188,2025-11-14 17:00:00
2025-11-14 18:00,2.089,2025-11-14 18:00:00
2025-11-14 19:00,1.845,2025-11-14 19:00:00
2025-11-14 20:00,1.535,2025-11-14 20:00:00
2025-11-14 21:00,1.225,2025-11-14 21:00:00
2025-11-14 22:00,0.963,2025-11-14 22:00:00
2025-11-14 23:00,0.811,2025-11-14 23:00:00
2025-11-15 00:00,0.82,2025-11-15 00:00:00
2025-11-15 01:00,0.979,2025-11-15 01:00:00
2025-11-15 02:00,1.225,2025-11-15 02:00:00
2025-11-15 03:00,1.475,2025-11-15 03:00:00
2025-11-15 04:00,1.66,2025-11-15 04:00:00
2025-11-15 05:00,1.727,2025-11-15 05:00:00
2025-11-15 06:00,1.641,2025-11-15 06:00:00
2025-11-15 07:00,1.417,2025-11-15 07:00:00
2025-11-15 08:00,1.127,2025-11-15 08:00:00
2025-11-15 09:00,0.855,2025-11-15 09:00:00
2025-11-15 10:00,0.656,2025-11-15 10:00:00
2025-11-15 11:00,0.583,2025-11-15 11:00:00
2025-11-15 12:00,0.685,2025-11-15 12:00:00
2025-11-15 13:00,0.96,2025-11-15 13:00:00
2025-11-15 14:00,1.346,2025-11-15 14:00:00
2025-11-15 15:00,1.75,2025-11-15 15:00:00
2025-11-15 16:00,2.081,2025-11-15 16:00:00
2025-11-15 17:00,2.271,2025-11-15 17:00:00
2025-11-15 18:00,2.275,2025-11-15 18:00:00
2025-11-15 19:00,2.083,2025-11-15 19:00:00
2025-11-15 20:00,1.746,2025-11-15 20:00:00
2025-11-15 21:00,1.351,2025-11-15 21:00:00
2025-11-15 22:00,0.973,2025-11-15 22:00:00
2025-11-15 23:00,0.673,2025-11-15 23:00:00
2025-11-16 00:00,0.523,2025-11-16 00:00:00
2025-11-16 01:00,0.567,2025-11-16 01:00:00
2025-11-16 02:00,0.782,2025-11-16 02:00:00
2025-11-16 03:00,1.094,2025-11-16 03:00:00
2025-11-16 04:00,1.408,2025-11-16 04:00:00
2025-11-16 05:00,1.64,2025-11-16 05:00:00
2025-11-16 06:00,1.733,2025-11-16 06:00:00
2025-11-16 07:00,1.661,2025-11-16 07:00:00
2025-11-16 08:00,1.452,2025-11-16 08:00:00
2025-11-16 09:00,1.186,2025-11-16 09:00:00
2025-11-16 10:00,0.947,2025-11-16 10:00:00
2025-11-16 11:00,0.791,2025-11-16 11:00:00
2025-11-16 12:00,0.767,2025-11-16 12:00:00
2025-11-16 13:00,0.916,2025-11-16 13:00:00
2025-11-16 14:00,1.224,2025-11-16 14:00:00
2025-11-16 15:00,1.622,2025-11-16 15:00:00
2025-11-16 16:00,2.008,2025-11-16 16:00:00
2025-11-16 17:00,2.287,2025-11-16 17:00:00
2025-11-16 18:00,2.391,2025-11-16 18:00:00
2025-11-16 19:00,2.288,2025-11-16 19:00:00
2025-11-16 20:00,1.983,2025-11-16 20:00:00
2025-11-16 21:00,1.547,2025-11-16 21:00:00
2025-11-16 22:00,1.079,2025-11-16 22:00:00
2025-11-16 23:00,0.662,2025-11-16 23:00:00
2025-11-17 00:00,0.367,2025-11-17 00:00:00
2025-11-17 01:00,0.262,2025-11-17 01:00:00
2025-11-17 02:00,0.379,2025-11-17 02:00:00
2025-11-17 03:00,0.679,2025-11-17 03:00:00
2025-11-17 04:00,1.066,2025-11-17 04:00:00
2025-11-17 05:00,1.428,2025-11-17 05:00:00
2025-11-17 06:00,1.678,2025-11-17 06:00:00
2025-11-17 07:00,1.767,2025-11-17 07:00:00
2025-11-17 08:00,1.684,2025-11-17 08:00:00
2025-11-17 09:00,1.473,2025-11-17 09:00:00
2025-11-17 10:00,1.227,2025-11-17 10:00:00
2025-11-17 11:00,1.027,2025-11-17 11:00:00
2025-11-17 12:00,0.924,2025-11-17 12:00:00
2025-11-17 13:00,0.96,2025-11-17 13:00:00
2025-11-17 14:00,1.163,2025-11-17 14:00:00
2025-11-17 15:00,1.507,2025-11-17 15:00:00
2025-11-17 16:00,1.907,2025-11-17 16:00:00
2025-11-17 17:00,2.25,2025-11-17 17:00:00
2025-11-17 18:00,2.442,2025-11-17 18:00:00
2025-11-17 19:00,2.433,2025-11-17 19:00:00
2025-11-17 20:00,2.205,2025-11-17 20:00:00
2025-11-17 21:00,1.785,2025-11-17 21:00:00
2025-11-17 22:00,1.263,2025-11-17 22:00:00
2025-11-17 23:00,0.753,2025-11-17 23:00:00
2025-11-18 00:00,0.339,2025-11-18 00:00:00
2025-11-18 01:00,0.091,2025-11-18 01:00:00
2025-11-18 02:00,0.071,2025-11-18 02:00:00
2025-11-18 03:00,0.291,2025-11-18 03:00:00
2025-11-18 04:00,0.686,2025-11-18 04:00:00
2025-11-18 05:00,1.133,2025-11-18 05:00:00
2025-11-18 06:00,1.513,2025-11-18 06:00:00
2025-11-18 07:00,1.749,2025-11-18 07:00:00
2025-11-18 08:00,1.808,2025-11-18 08:00:00
2025-11-18 09:00,1.697,2025-11-18 09:00:00
2025-11-18 10:00,1.478,2025-11-18 10:00:00
2025-11-18 11:00,1.255,2025-11-18 11:00:00
2025-11-18 12:00,1.102,2025-11-18 12:00:00
2025-11-18 13:00,1.059,2025-11-18 13:00:00
2025-11-18 14:00,1.159,2025-11-18 14:00:00
2025-11-18 15:00,1.419,2025-11-18 15:00:00
2025-11-18 16:00,1.79,2025-11-18 16:00:00
2025-11-18 17:00,2.167,2025-11-18 17:00:00
2025-11-18 18:00,2.434,2025-11-18 18:00:00
2025-11-18 19:00,2.516,2025-11-18 19:00:00
2025-11-18 20:00,2.379,2025-11-18 20:00:00
2025-11-18 21:00,2.026,2025-11-18 21:00:00
2025-11-18 22:00,1.507,2025-11-18 22:00:00
2025-11-18 23:00,0.933,2025-11-18 23:00:00
2025-11-19 00:00,0.422,2025-11-19 00:00:00
2025-11-19 01:00,0.052,2025-11-19 01:00:00
2025-11-19 02:00,-0.112,2025-11-19 02:00:00
2025-11-19 03:00,-0.018,2025-11-19 03:00:00
2025-11-19 04:00,0.316,2025-11-19 04:00:00
2025-11-19 05:00,0.79,2025-11-19 05:00:00
2025-11-19 06:00,1.266,2025-11-19 06:00:00
2025-11-19 07:00,1.631,2025-11-19 07:00:00
2025-11-19 08:00,1.825,2025-11-19 08:00:00
2025-11-19 09:00,1.835,2025-11-19 09:00:00
2025-11-19 10:00,1.688,2025-11-19 10:00:00
2025-11-19 11:00,1.467,2025-11-19 11:00:00
2025-11-19 12:00,1.277,2025-11-19 12:00:00
2025-11-19 13:00,1.176,2025-11-19 13:00:00
2025-11-19 14:00,1.196,2025-11-19 14:00:00
2025-11-19 15:00,1.363,2025-11-19 15:00:00
2025-11-19 16:00,1.672,2025-11-19 16:00:00
2025-11-19 17:00,2.047,2025-11-19 17:00:00
2025-11-19 18:00,2.37,2025-11-19 18:00:00
2025-11-19 19:00,2.538,2025-11-19 19:00:00
2025-11-19 20:00,2.496,2025-11-19 20:00:00
2025-11-19 21:00,2.234,2025-11-19 21:00:00
2025-11-19 22:00,1.773,2025-11-19 22:00:00
2025-11-19 23:00,1.191,2025-11-19 23:00:00
2025-11-20 00:00,0.607,2025-11-20 00:00:00
2025-11-20 01:00,0.132,2025-11-20 01:00:00
2025-11-20 02:00,-0.161,2025-11-20 02:00:00
2025-11-20 03:00,-0.212,2025-11-20 03:00:00
2025-11-20 04:00,0.007,2025-11-20 04:00:00
2025-11-20 05:00,0.439,2025-11-20 05:00:00
2025-11-20 06:00,0.959,2025-11-20 06:00:00
2025-11-20 07:00,1.426,2025-11-20 07:00:00
2025-11-20 08:00,1.745,2025-11-20 08:00:00
2025-11-20 09:00,1.877,2025-11-20 09:00:00
2025-11-20 10:00,1.832,2025-11-20 10:00:00
2025-11-20 11:00,1.657,2025-11-20 11:00:00
2025-11-20 12:00,1.447,2025-11-20 12:00:00
2025-11-20 13:00,1.296,2025-11-20 13:00:00
2025-11-20 14:00,1.252,2025-11-20 14:00:00
2025-11-20 15:00,1.339,2025-11-20 15:00:00
2025-11-20 16:00,1.569,2025-11-20 16:00:00
2025-11-20 17:00,1.905,2025-11-20 17:00:00
2025-11-20 18:00,2.253,2025-11-20 18:00:00
2025-11-20 19:00,2.497,2025-11-20 19:00:00
2025-11-20 20:00,2.553,2025-11-20 20:00:00
2025-11-20 21:00,2.389,2025-11-20 21:00:00
2025-11-20 22:00,2.019,2025-11-20 22:00:00
2025-11-20 23:00,1.486,2025-11-20 23:00:00
2025-11-21 00:00,0.881,2025-11-21 00:00:00
2025-11-21 01:00,0.324,2025-11-21 01:00:00
2025-11-21 02:00,-0.082,2025-11-21 02:00:00
2025-11-21 03:00,-0.272,2025-11-21 03:00:00
2025-11-21 04:00,-0.2,2025-11-21 04:00:00
2025-11-21 05:00,0.128,2025-11-21 05:00:00
2025-11-21 06:00,0.624,2025-11-21 06:00:00
2025-11-21 07:00,1.149,2025-11-21 07:00:00
2025-11-21 08:00,1.574,2025-11-21 08:00:00
2025-11-21 09:00,1.824,2025-11-21 09:00:00
2025-11-21 10:00,1.889,2025-11-21 10:00:00
2025-11-21 11:00,1.797,2025-11-21 11:00:00
2025-11-21 12:00,1.611,2025-11-21 12:00:00
2025-11-21 13:00,1.424,2025-11-21 13:00:00
2025-11-21 14:00,1.321,2025-11-21 14:00:00
2025-11-21 15:00,1.34,2025-11-21 15:00:00
2025-11-21 16:00,1.491,2025-11-21 16:00:00
2025-11-21 17:00,1.764,2025-11-21 17:00:00
2025-11-21 18:00,2.099,2025-11-21 18:00:00
2025-11-21 19:00,2.393,2025-11-21 19:00:00
2025-11-21 20:00,2.542,2025-11-21 20:00:00
2025-11-21 21:00,2.484,2025-11-21 21:00:00
2025-11-21 22:00,2.215,2025-11-21 22:00:00
2025-11-21 23:00,1.77,2025-11-21 23:00:00
2025-11-22 00:00,1.205,2025-11-22 00:00:00
2025-11-22 01:00,0.612,2025-11-22 01:00:00
2025-11-22 02:00,0.112,2025-11-22 02:00:00
2025-11-22 03:00,-0.201,2025-11-22 03:00:00
2025-11-22 04:00,-0.277,2025-11-22 04:00:00
2025-11-22 05:00,-0.095,2025-11-22 05:00:00
2025-11-22 06:00,0.308,2025-11-22 06:00:00
2025-11-22 07:00,0.827,2025-11-22 07:00:00
2025-11-22 08:00,1.322,2025-11-22 08:00:00
2025-11-22 09:00,1.68,2025-11-22 09:00:00
2025-11-22 10:00,1.855,2025-11-22 10:00:00
2025-11-22 11:00,1.863,2025-11-22 11:00:00
2025-11-22 12:00,1.744,2025-11-22 12:00:00
2025-11-22 13:00,1.562,2025-11-22 13:00:00
2025-11-22 14:00,1.41,2025-11-22 14:00:00
2025-11-22 15:00,1.363,2025-11-22 15:00:00
2025-11-22 16:00,1.444,2025-11-22 16:00:00
2025-11-22 17:00,1.644,2025-11-22 17:00:00
2025-11-22 18:00,1.933,2025-11-22 18:00:00
2025-11-22 19:00,2.24,2025-11-22 19:00:00
2025-11-22 20:00,2.462,2025-11-22 20:00:00
2025-11-22 21:00,2.51,2025-11-22 21:00:00
2025-11-22 22:00,2.35,2025-11-22 22:00:00
2025-11-22 23:00,2.005,2025-11-22 23:00:00
2025-11-23 00:00,1.521,2025-11-23 00:00:00
2025-11-23 01:00,0.955,2025-11-23 01:00:00
2025-11-23 02:00,0.404,2025-11-23 02:00:00
2025-11-23 03:00,-0.016,2025-11-23 03:00:00
2025-11-23 04:00,-0.226,2025-11-23 04:00:00
2025-11-23 05:00,-0.198,2025-11-23 05:00:00
2025-11-23 06:00,0.065,2025-11-23 06:00:00
2025-11-23 07:00,0.508,2025-11-23 07:00:00
2025-11-23 08:00,1.015,2025-11-23 08:00:00
2025-11-23 09:00,1.453,2025-11-23 09:00:00
2025-11-23 10:00,1.735,2025-11-23 10:00:00
2025-11-23 11:00,1.847,2025-11-23 11:00:00
2025-11-23 12:00,1.818,2025-11-23 12:00:00
2025-11-23 13:00,1.689,2025-11-23 13:00:00
2025-11-23 14:00,1.525,2025-11-23 14:00:00
2025-11-23 15:00,1.419,2025-11-23 15:00:00
2025-11-23 16:00,1.43,2025-11-23 16:00:00
2025-11-23 17:00,1.557,2025-11-23 17:00:00
2025-11-23 18:00,1.78,2025-11-23 18:00:00
2025-11-23 19:00,2.059,2025-11-23 19:00:00
2025-11-23 20:00,2.317,2025-11-23 20:00:00
2025-11-23 21:00,2.457,2025-11-23 21:00:00
2025-11-23 22:00,2.412,2025-11-23 22:00:00
2025-11-23 23:00,2.178,2025-11-23 23:00:00
2025-11-24 00:00,1.791,2025-11-24 00:00:00
2025-11-24 01:00,1.297,2025-11-24 01:00:00
2025-11-24 02:00,0.755,2025-11-24 02:00:00
2025-11-24 03:00,0.267,2025-11-24 03:00:00
2025-11-24 04:00,-0.06,2025-11-24 04:00:00
2025-11-24 05:00,-0.175,2025-11-24 05:00:00
2025-11-24 06:00,-0.068,2025-11-24 06:00:00
2025-11-24 07:00,0.247,2025-11-24 07:00:00
2025-11-24 08:00,0.698,2025-11-24 08:00:00
2025-11-24 09:00,1.167,2025-11-24 09:00:00
2025-11-24 10:00,1.54,2025-11-24 10:00:00
2025-11-24 11:00,1.757,2025-11-24 11:00:00
2025-11-24 12:00,1.825,2025-11-24 12:00:00
2025-11-24 13:00,1.775,2025-11-24 13:00:00
2025-11-24 14:00,1.649,2025-11-24 14:00:00
2025-11-24 15:00,1.515,2025-11-24 15:00:00
2025-11-24 16:00,1.455,2025-11-24 16:00:00
2025-11-24 17:00,1.507,2025-11-24 17:00:00
2025-11-24 18:00,1.656,2025-11-24 18:00:00
2025-11-24 19:00,1.876,2025-11-24 19:00:00
2025-11-24 20:00,2.124,2025-11-24 20:00:00
2025-11-24 21:00,2.321,2025-11-24 21:00:00
2025-11-24 22:00,2.384,2025-11-24 22:00:00
2025-11-24 23:00,2.271,2025-11-24 23:00:00
2025-11-25 00:00,1.994,2025-11-25 00:00:00
2025-11-25 01:00,1.592,2025-11-25 01:00:00
2025-11-25 02:00,1.112,2025-11-25 02:00:00
2025-11-25 03:00,0.615,2025-11-25 03:00:00
2025-11-25 04:00,0.204,2025-11-25 04:00:00
2025-11-25 05:00,-0.038,2025-11-25 05:00:00
2025-11-25 06:00,-0.077,2025-11-25 06:00:00
2025-11-25 07:00,0.087,2025-11-25 07:00:00
2025-11-25 08:00,0.427,2025-11-25 08:00:00
2025-11-25 09:00,0.865,2025-11-25 09:00:00
2025-11-25 10:00,1.288,2025-11-25 10:00:00
2025-11-25 11:00,1.605,2025-11-25 11:00:00
2025-11-25 12:00,1.776,2025-11-25 12:00:00
2025-11-25 13:00,1.816,2025-11-25 13:00:00
2025-11-25 14:00,1.756,2025-11-25 14:00:00
2025-11-25 15:00,1.639,2025-11-25 15:00:00
2025-11-25 16:00,1.531,2025-11-25 16:00:00
2025-11-25 17:00,1.499,2025-11-25 17:00:00
2025-11-25 18:00,1.564,2025-11-25 18:00:00
2025-11-25 19:00,1.707,2025-11-25 19:00:00
2025-11-25 20:00,1.904,2025-11-25 20:00:00
2025-11-25 21:00,2.109,2025-11-25 21:00:00
2025-11-25 22:00,2.249,2025-11-25 22:00:00
2025-11-25 23:00,2.258,2025-11-25 23:00:00
2025-11-26 00:00,2.109,2025-11-26 00:00:00
2025-11-26 01:00,1.819,2025-11-26 01:00:00
2025-11-26 02:00,1.427,2025-11-26 02:00:00
2025-11-26 03:00,0.98,2025-11-26 03:00:00
2025-11-26 04:00,0.542,2025-11-26 04:00:00
2025-11-26 05:00,0.202,2025-11-26 05:00:00
2025-11-26 06:00,0.032,2025-11-26 06:00:00
2025-11-26 07:00,0.051,2025-11-26 07:00:00
2025-11-26 08:00,0.252,2025-11-26 08:00:00
2025-11-26 09:00,0.6,2025-11-26 09:00:00
2025-11-26 10:00,1.018,2025-11-26 10:00:00
2025-11-26 11:00,1.404,2025-11-26 11:00:00
2025-11-26 12:00,1.681,2025-11-26 12:00:00
2025-11-26 13:00,1.82,2025-11-26 13:00:00
2025-11-26 14:00,1.839,2025-11-26 14:00:00
2025-11-26 15:00,1.772,2025-11-26 15:00:00
2025-11-26 16:00,1.655,2025-11-26 16:00:00
2025-11-26 17:00,1.55,2025-11-26 17:00:00
2025-11-26 18:00,1.514,2025-11-26 18:00:00
2025-11-26 19:00,1.562,2025-11-26 19:00:00
2025-11-26 20:00,1.677,2025-11-26 20:00:00
2025-11-26 21:00,1.838,2025-11-26 21:00:00
2025-11-26 22:00,2.003,2025-11-26 22:00:00
2025-11-26 23:00,2.11,2025-11-26 23:00:00
2025-11-27 00:00,2.1,2025-11-27 00:00:00
2025-11-27 01:00,1.947,2025-11-27 01:00:00
2025-11-27 02:00,1.672,2025-11-27 02:00:00
2025-11-27 03:00,1.313,2025-11-27 03:00:00
2025-11-27 04:00,0.912,2025-11-27 04:00:00
2025-11-27 05:00,0.53,2025-11-27 05:00:00
2025-11-27 06:00,0.252,2025-11-27 06:00:00
2025-11-27 07:00,0.137,2025-11-27 07:00:00
2025-11-27 08:00,0.199,2025-11-27 08:00:00
2025-11-27 09:00,0.424,2025-11-27 09:00:00
2025-11-27 10:00,0.776,2025-11-27 10:00:00
2025-11-27 11:00,1.181,2025-11-27 11:00:00
2025-11-27 12:00,1.544,2025-11-27 12:00:00
2025-11-27 13:00,1.794,2025-11-27 13:00:00
2025-11-27 14:00,1.907,2025-11-27 14:00:00
2025-11-27 15:00,1.905,2025-11-27 15:00:00
2025-11-27 16:00,1.816,2025-11-27 16:00:00
2025-11-27 17:00,1.672,2025-11-27 17:00:00
2025-11-27 18:00,1.534,2025-11-27 18:00:00
2025-11-27 19:00,1.461,2025-11-27 19:00:00
2025-11-27 20:00,1.466,2025-11-27 20:00:00
2025-11-27 21:00,1.539,2025-11-27 21:00:00
2025-11-27 22:00,1.667,2025-11-27 22:00:00
2025-11-27 23:00,1.816,2025-11-27 23:00:00
2025-11-28 00:00,1.925,2025-11-28 00:00:00
2025-11-28 01:00,1.931,2025-11-28 01:00:00
2025-11-28 02:00,1.807,2025-11-28 02:00:00
2025-11-28 03:00,1.574,2025-11-28 03:00:00
2025-11-28 04:00,1.263,2025-11-28 04:00:00
2025-11-28 05:00,0.908,2025-11-28 05:00:00
2025-11-28 06:00,0.573,2025-11-28 06:00:00
2025-11-28 07:00,0.344,2025-11-28 07:00:00
2025-11-28 08:00,0.274,2025-11-28 08:00:00
2025-11-28 09:00,0.366,2025-11-28 09:00:00
2025-11-28 10:00,0.611,2025-11-28 10:00:00
2025-11-28 11:00,0.974,2025-11-28 11:00:00
2025-11-28 12:00,1.38,2025-11-28 12:00:00
2025-11-28 13:00,1.73,2025-11-28 13:00:00
2025-11-28 14:00,1.955,2025-11-28 14:00:00
2025-11-28 15:00,2.041,2025-11-28 15:00:00
2025-11-28 16:00,2.004,2025-11-28 16:00:00
2025-11-28 17:00,1.862,2025-11-28 17:00:00
2025-11-28 18:00,1.651,2025-11-28 18:00:00
2025-11-28 19:00,1.446,2025-11-28 19:00:00
2025-11-28 20:00,1.307,2025-11-28 20:00:00
2025-11-28 21:00,1.252,2025-11-28 21:00:00
2025-11-28 22:00,1.284,2025-11-28 22:00:00
2025-11-28 23:00,1.402,2025-11-28 23:00:00
2025-11-29 00:00,1.572,2025-11-29 00:00:00
2025-11-29 01:00,1.72,2025-11-29 01:00:00
2025-11-29 02:00,1.777,2025-11-29 02:00:00
2025-11-29 03:00,1.713,2025-11-29 03:00:00
2025-11-29 04:00,1.54,2025-11-29 04:00:00
2025-11-29 05:00,1.278,2025-11-29 05:00:00
2025-11-29 06:00,0.961,2025-11-29 06:00:00
2025-11-29 07:00,0.663,2025-11-29 07:00:00
2025-11-29 08:00,0.474,2025-11-29 08:00:00
2025-11-29 09:00,0.436,2025-11-29 09:00:00
2025-11-29 10:00,0.555,2025-11-29 10:00:00
2025-11-29 11:00,0.825,2025-11-29 11:00:00
2025-11-29 12:00,1.21,2025-11-29 12:00:00
2025-11-29 13:00,1.622,2025-11-29 13:00:00
2025-11-29 14:00,1.962,2025-11-29 14:00:00
2025-11-29 15:00,2.164,2025-11-29 15:00:00
2025-11-29 16:00,2.209,2025-11-29 16:00:00
2025-11-29 17:00,2.105,2025-11-29 17:00:00
2025-11-29 18:00,1.872,2025-11-29 18:00:00
2025-11-29 19:00,1.562,2025-11-29 19:00:00
2025-11-29 20:00,1.262,2025-11-29 20:00:00
2025-11-29 21:00,1.04,2025-11-29 21:00:00
2025-11-29 22:00,0.925,2025-11-29 22:00:00
2025-11-29 23:00,0.936,2025-11-29 23:00:00
2025-11-30 00:00,1.078,2025-11-30 00:00:00
2025-11-30 01:00,1.304,2025-11-30 01:00:00
2025-11-30 02:00,1.526,2025-11-30 02:00:00
2025-11-30 03:00,1.666,2025-11-30 03:00:00
2025-11-30 04:00,1.682,2025-11-30 04:00:00
2025-11-30 05:00,1.571,2025-11-30 05:00:00
2025-11-30 06:00,1.348,2025-11-30 06:00:00
2025-11-30 07:00,1.058,2025-11-30 07:00:00
2025-11-30 08:00,0.789,2025-11-30 08:00:00
2025-11-30 09:00,0.628,2025-11-30 09:00:00
2025-11-30 10:00,0.617,2025-11-30 10:00:00
2025-11-30 11:00,0.765,2025-11-30 11:00:00
2025-11-30 12:00,1.068,2025-11-30 12:00:00
2025-11-30 13:00,1.479,2025-11-30 13:00:00
2025-11-30 14:00,1.901,2025-11-30 14:00:00
2025-11-30 15:00,2.232,2025-11-30 15:00:00
2025-11-30 16:00,2.4,2025-11-30 16:00:00
2025-11-30 17:00,2.378,2025-11-30 17:00:00
2025-11-30 18:00,2.175,2025-11-30 18:00:00
2025-11-30 19:00,1.821,2025-11-30 19:00:00
2025-11-30 20:00,1.389,2025-11-30 20:00:00
2025-11-30 21:00,0.982,2025-11-30 21:00:00
2025-11-30 22:00,0.678,2025-11-30 22:00:00
2025-11-30 23:00,0.521,2025-11-30 23:00:00
2025-12-01 00:00,0.542,2025-12-01 00:00:00
2025-12-01 01:00,0.74,2025-12-01 01:00:00
2025-12-01 02:00,1.054,2025-12-01 02:00:00
2025-12-01 03:00,1.38,2025-12-01 03:00:00
2025-12-01 04:00,1.62,2025-12-01 04:00:00
2025-12-01 05:00,1.714,2025-12-01 05:00:00
2025-12-01 06:00,1.652,2025-12-01 06:00:00
2025-12-01 07:00,1.455,2025-12-01 07:00:00
2025-12-01 08:00,1.182,2025-12-01 08:00:00
2025-12-01 09:00,0.931,2025-12-01 09:00:00
2025-12-01 10:00,0.792,2025-12-01 10:00:00
2025-12-01 11:00,0.808,2025-12-01 11:00:00
2025-12-01 12:00,0.989,2025-12-01 12:00:00
2025-12-01 13:00,1.328,2025-12-01 13:00:00
2025-12-01 14:00,1.766,2025-12-01 14:00:00
2025-12-01 15:00,2.2,2025-12-01 15:00:00
2025-12-01 16:00,2.515,2025-12-01 16:00:00
2025-12-01 17:00,2.629,2025-12-01 17:00:00
2025-12-01 18:00,2.515,2025-12-01 18:00:00
2025-12-01 19:00,2.189,2025-12-01 19:00:00
2025-12-01 20:00,1.701,2025-12-01 20:00:00
2025-12-01 21:00,1.141,2025-12-01 21:00:00
2025-12-01 22:00,0.632,2025-12-01 22:00:00
2025-12-01 23:00,0.265,2025-12-01 23:00:00
2025-12-02 00:00,0.095,2025-12-02 00:00:00
2025-12-02 01:00,0.156,2025-12-02 01:00:00
2025-12-02 02:00,0.439,2025-12-02 02:00:00
2025-12-02 03:00,0.865,2025-12-02 03:00:00
2025-12-02 04:00,1.306,2025-12-02 04:00:00
2025-12-02 05:00,1.638,2025-12-02 05:00:00
2025-12-02 06:00,1.793,2025-12-02 06:00:00
2025-12-02 07:00,1.761,2025-12-02 07:00:00
2025-12-02 08:00,1.576,2025-12-02 08:00:00
2025-12-02 09:00,1.308,2025-12-02 09:00:00
2025-12-02 10:00,1.068,2025-12-02 10:00:00
2025-12-02 11:00,0.949,2025-12-02 11:00:00
2025-12-02 12:00,0.993,2025-12-02 12:00:00
2025-12-02 13:00,1.208,2025-12-02 13:00:00
2025-12-02 14:00,1.584,2025-12-02 14:00:00
2025-12-02 15:00,2.052,2025-12-02 15:00:00
2025-12-02 16:00,2.493,2025-12-02 16:00:00
2025-12-02 17:00,2.776,2025-12-02 17:00:00
2025-12-02 18:00,2.816,2025-12-02 18:00:00
2025-12-02 19:00,2.594,2025-12-02 19:00:00
2025-12-02 20:00,2.14,2025-12-02 20:00:00
2025-12-02 21:00,1.519,2025-12-02 21:00:00
2025-12-02 22:00,0.847,2025-12-02 22:00:00
2025-12-02 23:00,0.262,2025-12-02 23:00:00
2025-12-03 00:00,-0.138,2025-12-03 00:00:00
2025-12-03 01:00,-0.292,2025-12-03 01:00:00
2025-12-03 02:00,-0.165,2025-12-03 02:00:00
2025-12-03 03:00,0.223,2025-12-03 03:00:00
2025-12-03 04:00,0.767,2025-12-03 04:00:00
2025-12-03 05:00,1.307,2025-12-03 05:00:00
2025-12-03 06:00,1.705,2025-12-03 06:00:00
2025-12-03 07:00,1.894,2025-12-03 07:00:00
2025-12-03 08:00,1.873,2025-12-03 08:00:00
2025-12-03 09:00,1.682,2025-12-03 09:00:00
2025-12-03 10:00,1.411,2025-12-03 10:00:00
2025-12-03 11:00,1.181,2025-12-03 11:00:00
2025-12-03 12:00,1.084,2025-12-03 12:00:00
2025-12-03 13:00,1.154,2025-12-03 13:00:00
2025-12-03 14:00,1.404,2025-12-03 14:00:00
2025-12-03 15:00,1.818,2025-12-03 15:00:00
2025-12-03 16:00,2.312,2025-12-03 16:00:00
2025-12-03 17:00,2.746,2025-12-03 17:00:00
2025-12-03 18:00,2.979,2025-12-03 18:00:00
2025-12-03 19:00,2.934,2025-12-03 19:00:00
2025-12-03 20:00,2.605,2025-12-03 20:00:00
2025-12-03 21:00,2.033,2025-12-03 21:00:00
2025-12-03 22:00,1.302,2025-12-03 22:00:00
2025-12-03 23:00,0.551,2025-12-03 23:00:00
2025-12-04 00:00,-0.075,2025-12-04 00:00:00
2025-12-04 01:00,-0.477,2025-12-04 01:00:00
2025-12-04 02:00,-0.589,2025-12-04 02:00:00
2025-12-04 03:00,-0.375,2025-12-04 03:00:00
2025-12-04 04:00,0.122,2025-12-04 04:00:00
2025-12-04 05:00,0.762,2025-12-04 05:00:00
2025-12-04 06:00,1.368,2025-12-04 06:00:00
2025-12-04 07:00,1.797,2025-12-04 07:00:00
2025-12-04 08:00,1.992,2025-12-04 08:00:00
2025-12-04 09:00,1.958,2025-12-04 09:00:00
2025-12-04 10:00,1.752,2025-12-04 10:00:00
2025-12-04 11:00,1.478,2025-12-04 11:00:00
2025-12-04 12:00,1.261,2025-12-04 12:00:00
2025-12-04 13:00,1.184,2025-12-04 13:00:00
2025-12-04 14:00,1.28,2025-12-04 14:00:00
2025-12-04 15:00,1.566,2025-12-04 15:00:00
2025-12-04 16:00,2.016,2025-12-04 16:00:00
2025-12-04 17:00,2.522,2025-12-04 17:00:00
2025-12-04 18:00,2.929,2025-12-04 18:00:00
2025-12-04 19:00,3.101,2025-12-04 19:00:00
2025-12-04 20:00,2.972,2025-12-04 20:00:00
2025-12-04 21:00,2.549,2025-12-04 21:00:00
2025-12-04 22:00,1.884,2025-12-04 22:00:00
2025-12-04 23:00,1.082,2025-12-04 23:00:00
2025-12-05 00:00,0.294,2025-12-05 00:00:00
2025-12-05 01:00,-0.337,2025-12-05 01:00:00
2025-12-05 02:00,-0.71,2025-12-05 02:00:00
2025-12-05 03:00,-0.756,2025-12-05 03:00:00
2025-12-05 04:00,-0.45,2025-12-05 04:00:00
2025-12-05 05:00,0.135,2025-12-05 05:00:00
2025-12-05 06:00,0.835,2025-12-05 06:00:00
2025-12-05 07:00,1.464,2025-12-05 07:00:00
2025-12-05 08:00,1.889,2025-12-05 08:00:00
2025-12-05 09:00,2.062,2025-12-05 09:00:00
2025-12-05 10:00,2.003,2025-12-05 10:00:00
2025-12-05 11:00,1.781,2025-12-05 11:00:00
2025-12-05 12:00,1.508,2025-12-05 12:00:00
2025-12-05 13:00,1.305,2025-12-05 13:00:00
2025-12-05 14:00,1.248,2025-12-05 14:00:00
2025-12-05 15:00,1.372,2025-12-05 15:00:00
2025-12-05 16:00,1.693,2025-12-05 16:00:00
2025-12-05 17:00,2.163,2025-12-05 17:00:00
2025-12-05 18:00,2.659,2025-12-05 18:00:00
2025-12-05 19:00,3.023,2025-12-05 19:00:00
2025-12-05 20:00,3.129,2025-12-05 20:00:00
2025-12-05 21:00,2.926,2025-12-05 21:00:00
2025-12-05 22:00,2.432,2025-12-05 22:00:00
2025-12-05 23:00,1.716,2025-12-05 23:00:00
2025-12-06 00:00,0.889,2025-12-06 00:00:00
2025-12-06 01:00,0.105,2025-12-06 01:00:00
2025-12-06 02:00,-0.496,2025-12-06 02:00:00
2025-12-06 03:00,-0.812,2025-12-06 03:00:00
2025-12-06 04:00,-0.779,2025-12-06 04:00:00
2025-12-06 05:00,-0.395,2025-12-06 05:00:00
2025-12-06 06:00,0.243,2025-12-06 06:00:00
2025-12-06 07:00,0.958,2025-12-06 07:00:00
2025-12-06 08:00,1.57,2025-12-06 08:00:00
2025-12-06 09:00,1.96,2025-12-06 09:00:00
2025-12-06 10:00,2.095,2025-12-06 10:00:00
2025-12-06 11:00,2.01,2025-12-06 11:00:00
2025-12-06 12:00,1.778,2025-12-06 12:00:00
2025-12-06 13:00,1.51,2025-12-06 13:00:00
2025-12-06 14:00,1.322,2025-12-06 14:00:00
2025-12-06 15:00,1.288,2025-12-06 15:00:00
2025-12-06 16:00,1.439,2025-12-06 16:00:00
2025-12-06 17:00,1.778,2025-12-06 17:00:00
2025-12-06 18:00,2.245,2025-12-06 18:00:00
2025-12-06 19:00,2.708,2025-12-06 19:00:00
2025-12-06 20:00,3.017,2025-12-06 20:00:00
2025-12-06 21:00,3.059,2025-12-06 21:00:00
2025-12-06 22:00,2.8,2025-12-06 22:00:00
2025-12-06 23:00,2.273,2025-12-06 23:00:00
2025-12-07 00:00,1.548,2025-12-07 00:00:00
2025-12-07 01:00,0.738,2025-12-07 01:00:00
2025-12-07 02:00,-0.004,2025-12-07 02:00:00
2025-12-07 03:00,-0.54,2025-12-07 03:00:00
2025-12-07 04:00,-0.779,2025-12-07 04:00:00
2025-12-07 05:00,-0.673,2025-12-07 05:00:00
2025-12-07 06:00,-0.237,2025-12-07 06:00:00
2025-12-07 07:00,0.415,2025-12-07 07:00:00
2025-12-07 08:00,1.107,2025-12-07 08:00:00
2025-12-07 09:00,1.669,2025-12-07 09:00:00
2025-12-07 10:00,2.005,2025-12-07 10:00:00
2025-12-07 11:00,2.101,2025-12-07 11:00:00
2025-12-07 12:00,1.995,2025-12-07 12:00:00
2025-12-07 13:00,1.757,2025-12-07 13:00:00
2025-12-07 14:00,1.498,2025-12-07 14:00:00
2025-12-07 15:00,1.331,2025-12-07 15:00:00
2025-12-07 16:00,1.318,2025-12-07 16:00:00
2025-12-07 17:00,1.482,2025-12-07 17:00:00
2025-12-07 18:00,1.815,2025-12-07 18:00:00
2025-12-07 19:00,2.252,2025-12-07 19:00:00
2025-12-07 20:00,2.663,2025-12-07 20:00:00
2025-12-07 21:00,2.909,2025-12-07 21:00:00
2025-12-07 22:00,2.896,2025-12-07 22:00:00
2025-12-07 23:00,2.611,2025-12-07 23:00:00
2025-12-08 00:00,2.088,2025-12-08 00:00:00
2025-12-08 01:00,1.392,2025-12-08 01:00:00
2025-12-08 02:00,0.636,2025-12-08 02:00:00
2025-12-08 03:00,-0.027,2025-12-08 03:00:00
2025-12-08 04:00,-0.473,2025-12-08 04:00:00
2025-12-08 05:00,-0.632,2025-12-08 05:00:00
2025-12-08 06:00,-0.467,2025-12-08 06:00:00
2025-12-08 07:00,-0.01,2025-12-08 07:00:00
2025-12-08 08:00,0.622,2025-12-08 08:00:00
2025-12-08 09:00,1.259,2025-12-08 09:00:00
2025-12-08 10:00,1.754,2025-12-08 10:00:00
2025-12-08 11:00,2.034,2025-12-08 11:00:00
2025-12-08 12:00,2.098,2025-12-08 12:00:00
2025-12-08 13:00,1.976,2025-12-08 13:00:00
2025-12-08 14:00,1.737,2025-12-08 14:00:00
2025-12-08 15:00,1.493,2025-12-08 15:00:00
2025-12-08 16:00,1.346,2025-12-08 16:00:00
2025-12-08 17:00,1.339,2025-12-08 17:00:00
2025-12-08 18:00,1.491,2025-12-08 18:00:00
2025-12-08 19:00,1.793,2025-12-08 19:00:00
2025-12-08 20:00,2.178,2025-12-08 20:00:00
2025-12-08 21:00,2.524,2025-12-08 21:00:00
2025-12-08 22:00,2.707,2025-12-08 22:00:00
2025-12-08 23:00,2.662,2025-12-08 23:00:00
2025-12-09 00:00,2.38,2025-12-09 00:00:00
2025-12-09 01:00,1.892,2025-12-09 01:00:00
2025-12-09 02:00,1.256,2025-12-09 02:00:00
2025-12-09 03:00,0.59,2025-12-09 03:00:00
2025-12-09 04:00,0.032,2025-12-09 04:00:00
2025-12-09 05:00,-0.316,2025-12-09 05:00:00
2025-12-09 06:00,-0.401,2025-12-09 06:00:00
2025-12-09 07:00,-0.198,2025-12-09 07:00:00
2025-12-09 08:00,0.257,2025-12-09 08:00:00
2025-12-09 09:00,0.843,2025-12-09 09:00:00
2025-12-09 10:00,1.409,2025-12-09 10:00:00
2025-12-09 11:00,1.835,2025-12-09 11:00:00
2025-12-09 12:00,2.067,2025-12-09 12:00:00
2025-12-09 13:00,2.103,2025-12-09 13:00:00
2025-12-09 14:00,1.968,2025-12-09 14:00:00
2025-12-09 15:00,1.733,2025-12-09 15:00:00
2025-12-09 16:00,1.503,2025-12-09 16:00:00
2025-12-09 17:00,1.36,2025-12-09 17:00:00
2025-12-09 18:00,1.339,2025-12-09 18:00:00
2025-12-09 19:00,1.456,2025-12-09 19:00:00
2025-12-09 20:00,1.705,2025-12-09 20:00:00
2025-12-09 21:00,2.022,2025-12-09 21:00:00
2025-12-09 22:00,2.299,2025-12-09 22:00:00
2025-12-09 23:00,2.437,2025-12-09 23:00:00
2025-12-10 00:00,2.384,2025-12-10 00:00:00
2025-12-10 01:00,2.131,2025-12-10 01:00:00
2025-12-10 02:00,1.703,2025-12-10 02:00:00
2025-12-10 03:00,1.156,2025-12-10 03:00:00
2025-12-10 04:00,0.602,2025-12-10 04:00:00
2025-12-10 05:00,0.16,2025-12-10 05:00:00
2025-12-10 06:00,-0.095,2025-12-10 06:00:00
2025-12-10 07:00,-0.119,2025-12-10 07:00:00
2025-12-10 08:00,0.107,2025-12-10 08:00:00
2025-12-10 09:00,0.538,2025-12-10 09:00:00
2025-12-10 10:00,1.065,2025-12-10 10:00:00
2025-12-10 11:00,1.56,2025-12-10 11:00:00
2025-12-10 12:00,1.925,2025-12-10 12:00:00
2025-12-10 13:00,2.114,2025-12-10 13:00:00
2025-12-10 14:00,2.124,2025-12-10 14:00:00
2025-12-10 15:00,1.979,2025-12-10 15:00:00
2025-12-10 16:00,1.745,2025-12-10 16:00:00
2025-12-10 17:00,1.515,2025-12-10 17:00:00
2025-12-10 18:00,1.355,2025-12-10 18:00:00
2025-12-10 19:00,1.296,2025-12-10 19:00:00
2025-12-10 20:00,1.361,2025-12-10 20:00:00
2025-12-10 21:00,1.545,2025-12-10 21:00:00
2025-12-10 22:00,1.794,2025-12-10 22:00:00
2025-12-10 23:00,2.017,2025-12-10 23:00:00
2025-12-11 00:00,2.134,2025-12-11 00:00:00
2025-12-11 01:00,2.095,2025-12-11 01:00:00
2025-12-11 02:00,1.893,2025-12-11 02:00:00
2025-12-11 03:00,1.546,2025-12-11 03:00:00
2025-12-11 04:00,1.106,2025-12-11 04:00:00
2025-12-11 05:00,0.67,2025-12-11 05:00:00
2025-12-11 06:00,0.336,2025-12-11 06:00:00
2025-12-11 07:00,0.165,2025-12-11 07:00:00
2025-12-11 08:00,0.19,2025-12-11 08:00:00
2025-12-11 09:00,0.422,2025-12-11 09:00:00
2025-12-11 10:00,0.819,2025-12-11 10:00:00
2025-12-11 11:00,1.288,2025-12-11 11:00:00
2025-12-11 12:00,1.719,2025-12-11 12:00:00
2025-12-11 13:00,2.029,2025-12-11 13:00:00
2025-12-11 14:00,2.178,2025-12-11 14:00:00
2025-12-11 15:00,2.163,2025-12-11 15:00:00
2025-12-11 16:00,2.003,2025-12-11 16:00:00
2025-12-11 17:00,1.754,2025-12-11 17:00:00
2025-12-11 18:00,1.501,2025-12-11 18:00:00
2025-12-11 19:00,1.304,2025-12-11 19:00:00
2025-12-11 20:00,1.194,2025-12-11 20:00:00
2025-12-11 21:00,1.198,2025-12-11 21:00:00
2025-12-11 22:00,1.32,2025-12-11 22:00:00
2025-12-11 23:00,1.519,2025-12-11 23:00:00
2025-12-12 00:00,1.716,2025-12-12 00:00:00
2025-12-12 01:00,1.835,2025-12-12 01:00:00
2025-12-12 02:00,1.833,2025-12-12 02:00:00
2025-12-12 03:00,1.7,2025-12-12 03:00:00
2025-12-12 04:00,1.445,2025-12-12 04:00:00
2025-12-12 05:00,1.111,2025-12-12 05:00:00
2025-12-12 06:00,0.783,2025-12-12 06:00:00
2025-12-12 07:00,0.546,2025-12-12 07:00:00
2025-12-12 08:00,0.443,2025-12-12 08:00:00
2025-12-12 09:00,0.5,2025-12-12 09:00:00
2025-12-12 10:00,0.728,2025-12-12 10:00:00
2025-12-12 11:00,1.093,2025-12-12 11:00:00
2025-12-12 12:00,1.511,2025-12-12 12:00:00
2025-12-12 13:00,1.885,2025-12-12 13:00:00
2025-12-12 14:00,2.144,2025-12-12 14:00:00
2025-12-12 15:00,2.255,2025-12-12 15:00:00
2025-12-12 16:00,2.209,2025-12-12 16:00:00
2025-12-12 17:00,2.014,2025-12-12 17:00:00
2025-12-12 18:00,1.729,2025-12-12 18:00:00
2025-12-12 19:00,1.435,2025-12-12 19:00:00
2025-12-12 20:00,1.189,2025-12-12 20:00:00
2025-12-12 21:00,1.022,2025-12-12 21:00:00
2025-12-12 22:00,0.973,2025-12-12 22:00:00
2025-12-12 23:00,1.058,2025-12-12 23:00:00
2025-12-13 00:00,1.237,2025-12-13 00:00:00
2025-12-13 01:00,1.436,2025-12-13 01:00:00
2025-12-13 02:00,1.583,2025-12-13 02:00:00
2025-12-13 03:00,1.636,2025-12-13 03:00:00
2025-12-13 04:00,1.58,2025-12-13 04:00:00
2025-12-13 05:00,1.411,2025-12-13 05:00:00
2025-12-13 06:00,1.166,2025-12-13 06:00:00
2025-12-13 07:00,0.93,2025-12-13 07:00:00
2025-12-13 08:00,0.77,2025-12-13 08:00:00
2025-12-13 09:00,0.717,2025-12-13 09:00:00
2025-12-13 10:00,0.794,2025-12-13 10:00:00
2025-12-13 11:00,1.017,2025-12-13 11:00:00
2025-12-13 12:00,1.355,2025-12-13 12:00:00
2025-12-13 13:00,1.729,2025-12-13 13:00:00
2025-12-13 14:00,2.051,2025-12-13 14:00:00
2025-12-13 15:00,2.262,2025-12-13 15:00:00
2025-12-13 16:00,2.33,2025-12-13 16:00:00
2025-12-13 17:00,2.235,2025-12-13 17:00:00
2025-12-13 18:00,1.985,2025-12-13 18:00:00
2025-12-13 19:00,1.645,2025-12-13 19:00:00
2025-12-13 20:00,1.3,2025-12-13 20:00:00
2025-12-13 21:00,1.0,2025-12-13 21:00:00
2025-12-13 22:00,0.788,2025-12-13 22:00:00
2025-12-13 23:00,0.714,2025-12-13 23:00:00
2025-12-14 00:00,0.795,2025-12-14 00:00:00
2025-12-14 01:00,0.989,2025-12-14 01:00:00
2025-12-14 02:00,1.218,2025-12-14 02:00:00
2025-12-14 03:00,1.414,2025-12-14 03:00:00
2025-12-14 04:00,1.532,2025-12-14 04:00:00
2025-12-14 05:00,1.542,2025-12-14 05:00:00
2025-12-14 06:00,1.438,2025-12-14 06:00:00
2025-12-14 07:00,1.261,2025-12-14 07:00:00
2025-12-14 08:00,1.092,2025-12-14 08:00:00
2025-12-14 09:00,0.986,2025-12-14 09:00:00
2025-12-14 10:00,0.965,2025-12-14 10:00:00
2025-12-14 11:00,1.058,2025-12-14 11:00:00
2025-12-14 12:00,1.28,2025-12-14 12:00:00
2025-12-14 13:00,1.597,2025-12-14 13:00:00
2025-12-14 14:00,1.932,2025-12-14 14:00:00
2025-12-14 15:00,2.21,2025-12-14 15:00:00
2025-12-14 16:00,2.372,2025-12-14 16:00:00
2025-12-14 17:00,2.382,2025-12-14 17:00:00
2025-12-14 18:00,2.216,2025-12-14 18:00:00
2025-12-14 19:00,1.895,2025-12-14 19:00:00
2025-12-14 20:00,1.493,2025-12-14 20:00:00
2025-12-14 21:00,1.093,2025-12-14 21:00:00
2025-12-14 22:00,0.751,2025-12-14 22:00:00
2025-12-14 23:00,0.521,2025-12-14 23:00:00
2025-12-15 00:00,0.459,2025-12-15 00:00:00
2025-12-15 01:00,0.573,2025-12-15 01:00:00
2025-12-15 02:00,0.812,2025-12-15 02:00:00
2025-12-15 03:00,1.096,2025-12-15 03:00:00
2025-12-15 04:00,1.35,2025-12-15 04:00:00
2025-12-15 05:00,1.521,2025-12-15 05:00:00
2025-12-15 06:00,1.574,2025-12-15 06:00:00
2025-12-15 07:00,1.508,2025-12-15 07:00:00
2025-12-15 08:00,1.374,2025-12-15 08:00:00
2025-12-15 09:00,1.246,2025-12-15 09:00:00
2025-12-15 10:00,1.172,2025-12-15 10:00:00
2025-12-15 11:00,1.175,2025-12-15 11:00:00
2025-12-15 12:00,1.284,2025-12-15 12:00:00
2025-12-15 13:00,1.509,2025-12-15 13:00:00
2025-12-15 14:00,1.811,2025-12-15 14:00:00
2025-12-15 15:00,2.118,2025-12-15 15:00:00
2025-12-15 16:00,2.353,2025-12-15 16:00:00
2025-12-15 17:00,2.456,2025-12-15 17:00:00
2025-12-15 18:00,2.39,2025-12-15 18:00:00
2025-12-15 19:00,2.14,2025-12-15 19:00:00
2025-12-15 20:00,1.74,2025-12-15 20:00:00
2025-12-15 21:00,1.275,2025-12-15 21:00:00
2025-12-15 22:00,0.832,2025-12-15 22:00:00
2025-12-15 23:00,0.474,2025-12-15 23:00:00
2025-12-16 00:00,0.262,2025-12-16 00:00:00
2025-12-16 01:00,0.247,2025-12-16 01:00:00
2025-12-16 02:00,0.425,2025-12-16 02:00:00
2025-12-16 03:00,0.734,2025-12-16 03:00:00
2025-12-16 04:00,1.084,2025-12-16 04:00:00
2025-12-16 05:00,1.386,2025-12-16 05:00:00
2025-12-16 06:00,1.585,2025-12-16 06:00:00
2025-12-16 07:00,1.652,2025-12-16 07:00:00
2025-12-16 08:00,1.596,2025-12-16 08:00:00
2025-12-16 09:00,1.477,2025-12-16 09:00:00
2025-12-16 10:00,1.369,2025-12-16 10:00:00
2025-12-16 11:00,1.315,2025-12-16 11:00:00
2025-12-16 12:00,1.339,2025-12-16 12:00:00
2025-12-16 13:00,1.467,2025-12-16 13:00:00
2025-12-16 14:00,1.702,2025-12-16 14:00:00
2025-12-16 15:00,2.0,2025-12-16 15:00:00
2025-12-16 16:00,2.283,2025-12-16 16:00:00
2025-12-16 17:00,2.469,2025-12-16 17:00:00
2025-12-16 18:00,2.499,2025-12-16 18:00:00
2025-12-16 19:00,2.345,2025-12-16 19:00:00
2025-12-16 20:00,2.006,2025-12-16 20:00:00
2025-12-16 21:00,1.529,2025-12-16 21:00:00
2025-12-16 22:00,1.012,2025-12-16 22:00:00
2025-12-16 23:00,0.549,2025-12-16 23:00:00
2025-12-17 00:00,0.206,2025-12-17 00:00:00
2025-12-17 01:00,0.045,2025-12-17 01:00:00
2025-12-17 02:00,0.108,2025-12-17 02:00:00
2025-12-17 03:00,0.375,2025-12-17 03:00:00
2025-12-17 04:00,0.766,2025-12-17 04:00:00
2025-12-17 05:00,1.169,2025-12-17 05:00:00
2025-12-17 06:00,1.493,2025-12-17 06:00:00
2025-12-17 07:00,1.69,2025-12-17 07:00:00
2025-12-17 08:00,1.743,2025-12-17 08:00:00
2025-12-17 09:00,1.671,2025-12-17 09:00:00
2025-12-17 10:00,1.547,2025-12-17 10:00:00
2025-12-17 11:00,1.447,2025-12-17 11:00:00
2025-12-17 12:00,1.411,2025-12-17 12:00:00
2025-12-17 13:00,1.456,2025-12-17 13:00:00
2025-12-17 14:00,1.61,2025-12-17 14:00:00
2025-12-17 15:00,1.867,2025-12-17 15:00:00
2025-12-17 16:00,2.169,2025-12-17 16:00:00
2025-12-17 17:00,2.424,2025-12-17 17:00:00
2025-12-17 18:00,2.549,2025-12-17 18:00:00
2025-12-17 19:00,2.496,2025-12-17 19:00:00
2025-12-17 20:00,2.249,2025-12-17 20:00:00
2025-12-17 21:00,1.821,2025-12-17 21:00:00
2025-12-17 22:00,1.277,2025-12-17 22:00:00
2025-12-17 23:00,0.732,2025-12-17 23:00:00
2025-12-18 00:00,0.278,2025-12-18 00:00:00
2025-12-18 01:00,-0.02,2025-12-18 01:00:00
2025-12-18 02:00,-0.102,2025-12-18 02:00:00
2025-12-18 03:00,0.063,2025-12-18 03:00:00
2025-12-18 04:00,0.43,2025-12-18 04:00:00
2025-12-18 05:00,0.889,2025-12-18 05:00:00
2025-12-18 06:00,1.318,2025-12-18 06:00:00
2025-12-18 07:00,1.634,2025-12-18 07:00:00
2025-12-18 08:00,1.801,2025-12-18 08:00:00
2025-12-18 09:00,1.814,2025-12-18 09:00:00
2025-12-18 10:00,1.71,2025-12-18 10:00:00
2025-12-18 11:00,1.575,2025-12-18 11:00:00
2025-12-18 12:00,1.483,2025-12-18 12:00:00
2025-12-18 13:00,1.464,2025-12-18 13:00:00
2025-12-18 14:00,1.539,2025-12-18 14:00:00
2025-12-18 15:00,1.732,2025-12-18 15:00:00
2025-12-18 16:00,2.019,2025-12-18 16:00:00
2025-12-18 17:00,2.32,2025-12-18 17:00:00
2025-12-18 18:00,2.535,2025-12-18 18:00:00
2025-12-18 19:00,2.587,2025-12-18 19:00:00
2025-12-18 20:00,2.445,2025-12-18 20:00:00
2025-12-18 21:00,2.105,2025-12-18 21:00:00
2025-12-18 22:00,1.597,2025-12-18 22:00:00
2025-12-18 23:00,1.01,2025-12-18 23:00:00
